id;start_date;end_date;language
1;2025-05-21T15:56:23;2025-05-21T21:55:47;ENGLISH
2;2025-05-22T08:44:51;2025-05-21T15:56:15;ENGLISH
3;2025-05-21T23:55:54;2025-05-21T16:58:09;ENGLISH
4;2025-05-21T22:00:07;2025-05-21T16:28:00;FRENCH
5;2025-05-21T19:54:31;2025-05-21T20:30:18;SPANISH
6;2025-05-22T08:53:35;2025-05-22T08:44:49;SPANISH
7;2025-05-22T10:36:48;2025-05-21T17:59:49;ENGLISH
8;2025-05-22T06:13:22;2025-05-21T20:40:47;ENGLISH
9;2025-05-22T02:43:55;2025-05-21T20:25:31;SPANISH
10;2025-05-21T15:16:20;2025-05-21T18:34:13;SPANISH
